{"danceability": {"0": 0.4853413604577241, "1": 0.634710887374957, "2": 0.6643403980981545, "3": 0.5051862401041844}, "energy": {"0": 0.4157746252892562, "1": 0.7076357364608487, "2": 0.4664875413006689, "3": 0.34182463507316907}, "loudness": {"0": -13.954723585505404, "1": -7.416183576233184, "2": -13.385664840035458, "3": -12.120022858905378}, "speechiness": {"0": 0.05992907819453274, "1": 0.0770402725077613, "2": 0.834554138125554, "3": 0.060989591829740564}, "acousticness": {"0": 0.6466522365924985, "1": 0.24219173464276472, "2": 0.585596845217181, "3": 0.6991901202032283}, "instrumentalness": {"0": 0.8106134774316593, "1": 0.02103928313340807, "2": 0.0009745723225078572, "3": 0.01744638307070153}, "liveness": {"0": 0.18855725365543546, "1": 0.20112542255950328, "2": 0.4352232573132404, "3": 0.18309723431234795}, "valence": {"0": 0.4499864462809917, "1": 0.6856158352017937, "2": 0.5835090015311468, "3": 0.4268768103773261}, "tempo": {"0": 114.30101373172282, "1": 125.29470228958262, "2": 100.33608010315095, "3": 113.40179978751841}, "duration_ms": {"0": 231386.46242848062, "1": 224649.0588780614, "2": 96913.08260133774, "3": 224876.82302340725}}